queue_ahead,fill_probability
5,0.9996666666666667
10,0.9513333333333334
15,0.6163333333333333
20,0.18166666666666667
25,0.017666666666666667
30,0.001
40,0.0
