side,absorption_state,count,markout_60,survival_60
buy,partial_absorption,3822,-0.8326997969872965,0.46113582831719446
buy,strong_absorption,3899,3.179186623283117,0.6516162134427912
buy,weak_absorption,3293,-6.74249886955836,0.1970847251746128
sell,partial_absorption,3720,-0.3576298667172813,0.47391070467993546
sell,strong_absorption,3499,3.425349194840577,0.6423670668953688
sell,weak_absorption,4139,-6.309667708950327,0.18579366996859145
