side,absorption_state,count,future_markout_60,future_survival_60,flow_absorption_5
buy,partial_absorption,3765,-0.6769160041404173,0.4786188579017264,13.603980228089304
buy,strong_absorption,3908,0.3373885103544754,0.5199590583418628,73.93685808624254
buy,weak_absorption,3313,-0.6418729711680631,0.48143676426199816,14.375629175261516
sell,partial_absorption,3899,-0.14574431283783462,0.4734547319825596,12.529936323307414
sell,strong_absorption,3198,0.06179914487109707,0.5037523452157598,68.604914888365
sell,weak_absorption,4217,-0.9716913301787046,0.4417832582404553,9.597733585277737
