{
  "episode_count": 22300,
  "train_count": 10700,
  "validation_count": 6732,
  "test_count": 4868,
  "thresholds": [
    {
      "side": "buy",
      "window": 10,
      "threshold_quantile": 0.95,
      "threshold_value": 0.9442480775640254
    },
    {
      "side": "sell",
      "window": 10,
      "threshold_quantile": 0.95,
      "threshold_value": 1.258225679963949
    }
  ],
  "absorption_params": {
    "absorption_window": 5,
    "components": [
      "flow_absorption_5s",
      "depth_recovery_5_absorption_5s",
      "spread_recovery_absorption_5s"
    ],
    "flow_absorption_5s": {
      "mean": 32.28260666364599,
      "std": 75.32115786752678
    },
    "depth_recovery_5_absorption_5s": {
      "mean": 9.585233148016275,
      "std": 51.01078574675439
    },
    "spread_recovery_absorption_5s": {
      "mean": -71.85734668194904,
      "std": 244.66194040407953
    },
    "score_thresholds": {
      "weak_max": -0.24082498496948457,
      "strong_min": 0.03136738069287596
    }
  },
  "runtime_seconds": 48.275965208013076,
  "main_shock_window": 10,
  "main_absorption_window": 5,
  "total_times_after_shock": [
    10,
    30,
    60,
    120,
    300
  ],
  "outcome_horizons_after_absorption": [
    5,
    25,
    55,
    115,
    295
  ],
  "null_seed_count": 200
}