side,representation,top_minus_bottom,rank_correlation,low_count,high_count,count,sequence
buy,market_only_static,-2.4431084228886597,-0.024420447581069416,410,573,2366,real
buy,static_p3_proxy,-1.7759892121095093,-0.014812948782154533,664,324,2366,real
buy,top_level_dynamic,-1.357401836315571,0.0004534216109785128,374,653,2347,real
buy,multilevel_shock_absorption,-10.384506648131651,-0.24155983499865624,539,511,2366,real
sell,market_only_static,-1.7864139817506857,-0.0406226119814032,570,332,2514,real
sell,static_p3_proxy,-1.5305825150653596,0.005555408126239814,435,274,2514,real
sell,top_level_dynamic,-0.030811793753984018,-0.029803864517358943,393,528,2502,real
sell,multilevel_shock_absorption,-11.288835028039447,-0.29148367354509297,490,350,2514,real
