side,representation,top_minus_bottom,rank_correlation,low_count,high_count,count
buy,top_level_shock,-1.6602151150599807,0.002275436905189545,373,653,2339
buy,top5_penetration,-1.3812450158092995,-0.009689407301166918,409,571,2358
buy,top15_penetration,-0.8031001204383239,-0.003967070405074522,458,524,2358
buy,depth_shape_augmented,-1.9393798506936686,-0.02238671342762207,492,596,2358
sell,top_level_shock,-0.17080524644566028,-0.020744983279240774,393,527,2498
sell,top5_penetration,-0.6645134438197011,-0.01867348906155836,567,334,2510
sell,top15_penetration,-2.393290168383784,-0.0025535440532050415,462,319,2510
sell,depth_shape_augmented,-2.574742795577823,-0.02117834558463598,439,398,2510
