split,roc_auc,brier_score,fill_rate,n
train,0.7195533961062022,0.20820350477456034,0.5646721605159442,5582
validation,0.7082367630932485,0.20671329097997984,0.5924731182795699,1860
test,0.7680706122197543,0.23173195430763427,0.45703544575725025,1862
