label,count,mean
fill,6428,0.570784069695084
adverse_fill,3585,0.23626220362622036
