split,mae,rmse,mean_signed_error,rank_correlation,n
train,5.452502418303365,9.044375154550888,0.0,-0.026856783801676623,3152
validation,4.584448702978016,7.339619595798442,0.48990434042572545,0.05036953388137599,1102
test,5.102416487574974,8.314407161090774,-0.9083417778746589,0.11662622974258305,783
