markout_horizon,count,mean
10,3669,-0.1971728318126791
50,3627,-1.6051525590507192
100,3585,-1.2351136528001445
500,2911,0.24940313355426996
