boundary,regime,n,fill_rate,adverse_fill_rate,mean_signed_markout,mean_pred_value
signed_flow,persistent_flow,946,0.4883720930232558,0.4334862385321101,-3.2077455994306363,-1.8015607153860234
signed_flow,weak_flow,916,0.42467248908296945,0.1930835734870317,-0.5208470144694802,-0.7468744593079739
volatility,high_vol,1862,0.45703544575725025,0.3269476372924649,-2.0169999940902517,-1.2827139857579388
